{
  "components": [
    "Base Model",
    "+ CNN Features",
    "+ Overlap Stats",
    "+ Continuous Actions",
    "+ Enhanced Rewards",
    "+ Pre-trained Init",
    "Full Model"
  ],
  "iou_progression": [
    69.2,
    70.8,
    71.5,
    72.8,
    73.4,
    74.1,
    74.9
  ],
  "precision_progression": [
    0.741,
    0.759,
    0.768,
    0.781,
    0.786,
    0.792,
    0.798
  ],
  "recall_progression": [
    0.708,
    0.719,
    0.726,
    0.738,
    0.745,
    0.751,
    0.757
  ],
  "component_contributions": {
    "CNN Features": 1.5999999999999943,
    "Overlap Stats": 0.7000000000000028,
    "Continuous Actions": 1.2999999999999972,
    "Enhanced Rewards": 0.6000000000000085,
    "Pre-trained Init": 0.6999999999999886,
    "Full Model": 0.8000000000000114
  }
}