{
  "components": [
    "Mask R-CNN",
    "RT Regularizer",
    "RR Regularizer",
    "FER Regularizer",
    "CNN Features",
    "RL Fusion",
    "Post-Process"
  ],
  "cpu_times": [
    2450.6,
    164.8,
    183.2,
    211.7,
    89.3,
    92.4,
    45.2
  ],
  "gpu_times": [
    142.3,
    7.9,
    8.5,
    11.2,
    4.8,
    6.1,
    3.1
  ],
  "speedup_factors": [
    17.22136331693605,
    20.860759493670887,
    21.552941176470586,
    18.901785714285715,
    18.604166666666668,
    15.147540983606559,
    14.580645161290324
  ],
  "memory_usage": {
    "cpu": [
      1024,
      256,
      298,
      334,
      128,
      189,
      67
    ],
    "gpu": [
      2048,
      512,
      596,
      668,
      256,
      378,
      134
    ]
  },
  "overall_speedup": 17.603045133224576,
  "total_cpu_time": 3237.2,
  "total_gpu_time": 183.9
}