{
  "epochs": [
    1,
    2,
    3,
    4,
    5,
    6,
    7,
    8,
    9,
    10,
    11,
    12,
    13,
    14,
    15,
    16,
    17,
    18,
    19,
    20,
    21,
    22,
    23,
    24,
    25,
    26,
    27,
    28,
    29,
    30,
    31,
    32,
    33,
    34,
    35,
    36,
    37,
    38,
    39,
    40,
    41,
    42,
    43,
    44,
    45,
    46,
    47,
    48,
    49,
    50
  ],
  "rt_weights": [
    0.5986051270887272,
    0.5685920638085177,
    0.5722463349341763,
    0.5537415585401932,
    0.5165855746816037,
    0.5093798402103327,
    0.48677223316044227,
    0.4941073390444114,
    0.4842018035688345,
    0.4690462622881637,
    0.48798416554068913,
    0.4471283520986852,
    0.4471865897851799,
    0.4161169988647864,
    0.41126070352552796,
    0.4164208667463488,
    0.4116248509077498,
    0.4173364105499741,
    0.4019960987885542,
    0.4030491295043543,
    0.42647058628233714,
    0.4141055340395044,
    0.3985084921610455,
    0.3913962350959397,
    0.40019007456364153,
    0.37937843350560013,
    0.3938528580412551,
    0.3972858754538159,
    0.39177322739321374,
    0.38498401745551886,
    0.3967218934929462,
    0.4191865799837198,
    0.40481552800020576,
    0.3777360631974936,
    0.4143840729995642,
    0.3662381109283623,
    0.3946487313432262,
    0.37216220652719967,
    0.37972595673374077,
    0.4134013307344534,
    0.40132829569847195,
    0.3750708533757497,
    0.40249302135857457,
    0.3956939007789632,
    0.37045102256148116,
    0.3770278806659013,
    0.39663100707614785,
    0.40550053949067555,
    0.3846048888500391,
    0.3695070281079621
  ],
  "rr_weights": [
    0.25755483608754975,
    0.2518263671698782,
    0.25234081266439357,
    0.25682029364232584,
    0.26648831397083655,
    0.26950273051388235,
    0.23280742713604285,
    0.254310718001216,
    0.2733236265100576,
    0.2660336629986149,
    0.2793844378086301,
    0.2633422047219488,
    0.25212407256793923,
    0.2593089085821475,
    0.2753808630647534,
    0.27279477864279,
    0.2644293287804131,
    0.26424038323639953,
    0.2634504985203577,
    0.2615740197976635,
    0.2534857392975646,
    0.2740682565687943,
    0.2460690336151292,
    0.2714380173505047,
    0.2274544424277029,
    0.23589967506566387,
    0.25003555292513285,
    0.22937873777124151,
    0.23681092452107821,
    0.20809539921203837,
    0.23032115128116604,
    0.22007678546490805,
    0.23735272383448186,
    0.2110102632927797,
    0.2060652227789061,
    0.19973064190400455,
    0.2107774112678516,
    0.2121172494607556,
    0.19871482688867215,
    0.2084179508953575,
    0.1913704063211641,
    0.18941844366371244,
    0.18851083678036806,
    0.18935947598606,
    0.18659535234987326,
    0.1725768695982222,
    0.19641345962051773,
    0.18720479256843334,
    0.18220330460000847,
    0.19360429868758808
  ],
  "fer_weights": [
    0.08115300881927254,
    0.10847764643660729,
    0.11769344673936434,
    0.11095692165087313,
    0.13057624209497698,
    0.1476484984871386,
    0.16465481552890052,
    0.14883548814160014,
    0.16151013929057656,
    0.1511596889484476,
    0.13457681639785,
    0.1626719890910703,
    0.1652220643521944,
    0.2168609695531474,
    0.17074584481911037,
    0.17784400684219914,
    0.17785222584962024,
    0.15530094781402384,
    0.20187104975223372,
    0.2040896634432726,
    0.19545289067679478,
    0.17674169771160092,
    0.2106986509294693,
    0.17376562208824514,
    0.20923812992266905,
    0.2220368353998286,
    0.18864242367250192,
    0.18739106227734875,
    0.20745565366591595,
    0.1926974155112847,
    0.1843397047714842,
    0.20510886947659346,
    0.19599878593436515,
    0.22181633147044333,
    0.19935160354467132,
    0.239643884217979,
    0.20076012411552804,
    0.22064697246063977,
    0.24105839126724762,
    0.20618085461926508,
    0.2230217287430917,
    0.2340443065520143,
    0.20012327940681413,
    0.23363819026563318,
    0.23440479544847545,
    0.24039714102075158,
    0.21166483262942032,
    0.2007504133403135,
    0.23098073237731576,
    0.2429299264693113
  ],
  "proposal_weights": [
    0.06268702800445049,
    0.07110392258499687,
    0.05771940566206573,
    0.07848122616660798,
    0.08634986925258269,
    0.07346893078864633,
    0.11576552417461443,
    0.10274645481277253,
    0.08096443063053131,
    0.11376038576477375,
    0.09805458025283076,
    0.1268574540882957,
    0.13546727329468636,
    0.10771312299991855,
    0.14261258859060838,
    0.13294034776866195,
    0.14609359446221692,
    0.16312225839960245,
    0.13268235293885436,
    0.13128718725470964,
    0.12459078374330344,
    0.1350845116801004,
    0.1447238232943561,
    0.1634001254653104,
    0.16311735308598657,
    0.16268505602890748,
    0.16746916536111006,
    0.18594432449759388,
    0.16396019441979198,
    0.21422316782115808,
    0.18861725045440358,
    0.1556277650747787,
    0.16183296223094726,
    0.18943734203928334,
    0.18019910067685846,
    0.1943873629496541,
    0.1938137332733942,
    0.1950735715514049,
    0.18050082511033957,
    0.171999863750924,
    0.18427956923727232,
    0.2014663964085236,
    0.2088728624542432,
    0.18130843296934362,
    0.2085488296401701,
    0.2099981087151248,
    0.19529070067391413,
    0.2065442546005776,
    0.20221107417263684,
    0.19395874673513852
  ],
  "final_distribution": {
    "RT": 0.3695070281079621,
    "RR": 0.19360429868758808,
    "FER": 0.2429299264693113,
    "Proposals": 0.19395874673513852
  },
  "weight_stability": {
    "RT": 0.0032529909774662615,
    "RR": 0.0009912111064946034,
    "FER": 0.0014440584936658432,
    "Proposals": 0.0019425003919557426
  }
}