{
  "states": [
    "Rhode Island",
    "Connecticut",
    "Delaware",
    "Vermont",
    "New Hampshire",
    "Massachusetts",
    "Maryland",
    "New Jersey"
  ],
  "baseline_iou": [
    68.4,
    67.9,
    65.2,
    67.5,
    70.0,
    66.8,
    69.2,
    68.7
  ],
  "enhanced_iou": [
    73.2,
    72.7,
    69.9,
    72.4,
    75.2,
    71.6,
    74.1,
    73.5
  ],
  "baseline_f1": [
    0.724,
    0.718,
    0.695,
    0.713,
    0.741,
    0.708,
    0.732,
    0.728
  ],
  "enhanced_f1": [
    0.781,
    0.776,
    0.748,
    0.773,
    0.802,
    0.765,
    0.79,
    0.785
  ],
  "improvements": {
    "mean_iou_improvement": 4.862499999999999,
    "mean_f1_improvement": 0.05762500000000005,
    "best_performing_state": "New Hampshire",
    "most_improved_state": "New Hampshire"
  }
}