{
  "steps": [
    "Baseline Mask R-CNN",
    "+ GPU Acceleration",
    "+ Enhanced Regularizers",
    "+ Basic RL Fusion",
    "+ Continuous Actions",
    "+ Image Features",
    "+ Pre-trained Model",
    "+ Multi-state Training"
  ],
  "iou_scores": [
    67.8,
    68.1,
    69.2,
    71.4,
    72.8,
    73.6,
    74.2,
    74.9
  ],
  "f1_scores": [
    0.724,
    0.728,
    0.741,
    0.768,
    0.781,
    0.789,
    0.795,
    0.802
  ],
  "inference_times": [
    2450,
    142,
    148,
    155,
    162,
    168,
    154,
    152
  ],
  "speedup_factors": [
    1.0,
    17.253521126760564,
    16.554054054054053,
    15.806451612903226,
    15.123456790123457,
    14.583333333333334,
    15.909090909090908,
    16.11842105263158
  ]
}