{
  "epochs": [
    1,
    2,
    3,
    4,
    5,
    6,
    7,
    8,
    9,
    10,
    11,
    12,
    13,
    14,
    15,
    16,
    17,
    18,
    19,
    20,
    21,
    22,
    23,
    24,
    25,
    26,
    27,
    28,
    29,
    30,
    31,
    32,
    33,
    34,
    35,
    36,
    37,
    38,
    39,
    40,
    41,
    42,
    43,
    44,
    45,
    46,
    47,
    48,
    49,
    50
  ],
  "baseline_loss": [
    2.6636031702296057,
    2.481020082548809,
    2.379211309599989,
    2.290972338732023,
    2.079620607698306,
    1.9640932672416394,
    1.9466833539580097,
    1.8049872852327251,
    1.6485553709383187,
    1.6106707997607785,
    1.4775923680838754,
    1.4000359226145411,
    1.3629740748500065,
    1.1874377899386057,
    1.1334527113029542,
    1.1322700907014822,
    1.0542541228274684,
    1.068697896410269,
    0.9590220189613354,
    0.8883776602225523,
    0.9897748483000939,
    0.8654441406130803,
    0.8429141187311205,
    0.7335038856759656,
    0.7449698708676454,
    0.747282243876985,
    0.6556975416828512,
    0.7053805622904206,
    0.6316310071015474,
    0.623753520601868,
    0.586432426361239,
    0.6887184817599562,
    0.5763330346689379,
    0.5062572750810247,
    0.5835571652661721,
    0.4657527007249802,
    0.5226113771752813,
    0.4005013244987068,
    0.41927464309091317,
    0.48355168985046004,
    0.49942896390735686,
    0.46059357062254347,
    0.4364381817458417,
    0.41799317606783937,
    0.3505415714012885,
    0.3804481651362231,
    0.3858988461243147,
    0.4547616212568613,
    0.41251423084603606,
    0.3010329755999943
  ],
  "enhanced_loss": [
    2.2870610709603034,
    2.096856503542699,
    1.9362848427448527,
    1.8508359348159713,
    1.7415693673408144,
    1.6216186561324417,
    1.444108619765198,
    1.3671491668376539,
    1.302456953286375,
    1.2451378638004664,
    1.1105022700448526,
    1.0519084115106205,
    0.9503705362745918,
    0.8872388276488882,
    0.9128115859881861,
    0.8841633049974319,
    0.7806659593352138,
    0.7810276682422266,
    0.7161026876777059,
    0.6397215360584311,
    0.6467584998113158,
    0.6632569040339654,
    0.572179186700151,
    0.6103233693531083,
    0.4191420330134807,
    0.534905556958922,
    0.4853601767656284,
    0.4513780352830565,
    0.44995116936179236,
    0.3510842403885417,
    0.4073611824058018,
    0.41714809555063326,
    0.4497570564444173,
    0.35866542888239983,
    0.33671054157448005,
    0.3394612686659192,
    0.38738997588785024,
    0.3558665001067955,
    0.31411284907910686,
    0.3490134826884895,
    0.32609075029258067,
    0.3551800431504163,
    0.28304033094397923,
    0.2931288871904056,
    0.2860547147579337,
    0.23906161765760006,
    0.30564096365359716,
    0.30073661644241073,
    0.287277181037583,
    0.27472499258281463
  ],
  "baseline_iou": [
    67.31618789043888,
    69.00679340669525,
    69.74666583709737,
    69.91676143460866,
    71.15670254226292,
    72.29177754658876,
    74.31586455542983,
    73.11977712229725,
    73.69312811639617,
    73.82759418854434,
    72.42698162899366,
    74.74131158314039,
    75.22954355852579,
    78.01446255561414,
    75.72214074410367,
    76.56161288057528,
    76.55406425106386,
    75.73277706627148,
    78.3417074626975,
    78.23374141511515,
    78.54196571037572,
    77.09754628973407,
    79.6532427702503,
    77.0802357585247,
    79.28928514089742,
    81.10247873029978,
    78.12085976518094,
    78.73474781127314,
    79.58109704368067,
    79.14957194365735,
    78.26561696153273,
    80.04011520488619,
    79.05694765696258,
    80.73333956984416,
    79.47396661400953,
    82.07045108169375,
    79.85818921295935,
    80.43440919545479,
    81.67940614357197,
    79.73910643501685,
    81.29643638078707,
    82.4702963304877,
    79.64525439883631,
    81.5225864830973,
    81.67889442582046,
    82.27794021593525,
    80.33251185588868,
    80.31877408757454,
    82.22753776812634,
    82.0657096938747
  ],
  "enhanced_iou": [
    71.17312383995493,
    72.17005086493893,
    72.21930917470615,
    73.77252970522625,
    74.60008566749354,
    74.5309552752507,
    77.29204720481769,
    76.83781934499024,
    76.12940532741048,
    78.19768131363328,
    77.45080000286214,
    79.38815954040732,
    80.1847843287471,
    79.07378931267195,
    80.94793315026804,
    80.93020351241982,
    81.65752797618957,
    82.8956044450372,
    81.53970677293711,
    81.4715372879717,
    81.68313042583684,
    82.04500486244572,
    82.92251336592116,
    83.52817309377023,
    83.73301288147269,
    84.41595910548622,
    83.9940586308306,
    85.36352968148623,
    84.1942930121874,
    86.77637448219559,
    85.28449790911803,
    84.27203427755778,
    84.2654505721166,
    85.66366225776562,
    85.24602948215997,
    86.13516529701465,
    86.07419963187148,
    85.76187688681257,
    85.2605058336769,
    84.83749780225719,
    85.7975763998641,
    86.93962361389949,
    86.52010707334675,
    85.44147104649967,
    86.66101476545076,
    86.9105704331205,
    85.97076213743136,
    86.872277962746,
    86.86345345965925,
    85.96644632933742
  ],
  "convergence_metrics": {
    "baseline_final_performance": 81.4444947242799,
    "enhanced_final_performance": 86.51670206445891,
    "baseline_stability": 0.9162367255273564,
    "enhanced_stability": 0.447802371433009,
    "improvement": 5.0722073401790055
  }
}