batch_size,cpu_time,gpu_time,speedup
1,3.78,0.34,11.117647058823527
4,12.45,0.65,19.153846153846153
16,46.82,1.56,30.01282051282051
64,184.57,4.28,43.12383177570093
