Method,ShapeQuality,Robustness,Adaptability,LearningCapability,Accuracy
Threshold,0.0977751679026983,0.5458119551176892,0.0,0.0,0.8380148245005618
Morphology,0.4966272427817775,0.9913917240218675,0.12263219826276962,0.0,0.940782547238053
RT,0.1072412923107914,0.5458119551176892,0.002073658813945085,0.0,0.8397525834012628
RR,0.6878016030478901,0.9885697426002014,0.11737379073199254,0.0,0.9363759185155889
FER,0.03602897285439085,0.5467565385283104,0.0,0.0,0.28705915754749894
RL Fusion,0.1070397884844735,0.5458119551176892,0.002416367404201669,0.030436075110668804,0.8400397786230901
