num_images,cpu_time,gpu_time,speedup
10,15.32,0.87,17.60919540229885
50,76.45,3.24,23.595679012345677
100,152.86,6.48,23.589506172839506
250,388.25,15.82,24.5417193426043
