{
  "iou": 0.850027661819486,
  "iou_std": 0.11453782859300558,
  "precision": 0.850027661819486,
  "precision_std": 0.11453782859300558,
  "recall": 0.9999999999926057,
  "recall_std": 6.413923486039947e-12,
  "f1_score": 0.9145577558146357,
  "f1_score_std": 0.07083265329006048,
  "hausdorff_distance": 158.90206004274646,
  "hausdorff_distance_std": 53.166110579685935,
  "boundary_iou": 0.12388809999363656,
  "boundary_iou_std": 0.06994095600454531
}