State,Mask_R-CNN,RT,RR,FER,RL_Fusion_CPU,RL_Fusion_GPU,Improvement
Alabama,0.664,0.583,0.528,0.498,0.685,0.712,3.941605839416045
Arizona,0.653,0.575,0.512,0.487,0.672,0.708,5.357142857142845
Arkansas,0.671,0.588,0.531,0.502,0.691,0.724,4.77568740955138
California,0.659,0.571,0.524,0.493,0.679,0.715,5.301914580265084
Florida,0.648,0.568,0.519,0.481,0.665,0.702,5.563909774436078
