Metric,Traditional (Baseline),Hybrid RL (Improved),Improvement (%)
IoU (%),49.76510922290839,8.803719163598132,-82.30945310044645
Recall (Completeness %),49.76510922290839,49.87903225441123,0.22892148935780024
Processing Time (s),0.31032681465148926,1.5926671028137207,-413.2225081097505
Shape Quality,0.4964244382377724,0.20250306780259514,-59.20767429536382
Adaptability,0.0,0.0,-99.99999900000002
Robustness,0.5000000000138107,0.48011216442019766,-3.977567039061406
Learning Capability,0.0,0.0,-99.00990099009903
Accuracy (%),49.76510922290839,8.803719163598132,-82.30945310044645
