batch_size,cpu_time,gpu_time,speedup
1,2.45,0.28,8.75
4,7.12,0.42,16.952380952380953
16,25.48,0.89,28.629213483146067
64,98.34,2.42,40.63636363636364
