Metric,Mask R-CNN,RandomForest,RT,RR,FER,RL Fusion
IoU (%),66.61783837358648,15.43021777087791,58.013157617483365,0.0,10.089388448940765,20.25313213244085
Recall (Completeness %),66.61783837358648,21.142075058319264,66.63411441525298,0.0,66.65039045691948,66.65039045691948
Shape Quality,0.6653714205007932,0.08650024654070991,0.6183103643955653,0.0,0.26839033237495014,0.35125243778451937
Robustness,1.0,0.8803794773777295,0.9986189320680332,2.7621349651951732e-11,0.9949587132226311,0.9958122601453591
Learning Capability,0.0,0.0,0.0,0.0,0.0,0.24203853315994922
Accuracy (%),66.61783837358648,15.43021777087791,58.013157617483365,0.0,10.089388448940765,20.25313213244085
Processing Time (s),0.0,12.195276737213135,0.0,0.0,0.0,4.418335676193237
