Metric,Traditional (Baseline),Hybrid RL (Improved),Improvement (%)
IoU (%),40.25227805808478,15.942940858657298,-60.39244924330536
Recall (Completeness %),40.25227805808478,44.27768100715062,10.000434865457214
Processing Time (s),0.0030059814453125,3.2511096000671387,-108054.32010416639
Shape Quality,0.41706083945009204,0.2079495058409073,-50.139286361907295
Robustness,0.5119781568598895,0.4703340519319528,-8.13396109903514
Accuracy (%),40.25227805808478,15.942940858657298,-60.39244924330536
